Starbucks DT,Near_Starbucks,Distance
전북대 병원DT,스타벅스 전북대점,1.5km
원주명륜DT,스타벅스 원주무실점,2.8km
경주보문로DT,스타벅스 경주보문점,684m
동수원DT,스타벅스 수원KBS DT점,999m
구미금오산DT,스타벅스 구미점,2.9km
대구만촌DT,스타벅스 국립대구박물관DT점,3.5km
대구침산DT,스타벅스 대구칠성DT점,1.5km
백석역DT,스타벅스 백석점,565m
김포풍무DT,스타벅스 풍무사거리DT점,3.3km
수지성복DT,스타벅스 수지이마트점,1.8km
동래미남DT,스타벅스 동래역점,2.3km
김해외동DT,스타벅스 신세계김해R점,1.2km
해운대달맞이DT,스타벅스 팔레드시즈점,735m
대구상인DT,스타벅스 대구상인역점,935m
영등포신길DT,스타벅스 영등포역점,3km
김해대로DT,스타벅스 김해인제대점,2.6km
천안성정DT,스타벅스 천안두정역DT점,1.2km
대구공평DT,스타벅스 대구시티센터점,432m
수원인계DT,스타벅스 수원경수인계DT점,1.5km
대구두류DT,스타벅스 대구광장점,1.5km
광주신가DT,스타벅스 광주운남DT점,1.4km
광주용두DT,스타벅스 광주첨단신용점,1.9km
평내DT,스타벅스 평내호평역점,1.4km
연희DT,스타벅스 연희동점,473m
안양비산DT,스타벅스 범계역점,2km
대전수침교DT,스타벅스 대전태평점,1.4km
부산안락DT,스타벅스 수영강변DT점,2km
구의DT,스타벅스 아차산역점,809m
안양석수DT,스타벅스 금천시흥점,2.8km
구미시청DT,스타벅스 구미점,3.6km
용인마북DT,스타벅스 용인언남점,1.9km
대구감삼DT,스타벅스 대구죽전역점,1.2km
광주금호DT,스타벅스 광주상무DT점,1.3km
인천갈산DT,스타벅스 인천작전점,2.2km
광주운암DT,스타벅스 광주동림점,2.8km
제주중문DT,스타벅스 제주중문점,672m
속초DT,스타벅스 속초중앙로점,4km
신영통DT,스타벅스 영통R점,2.1km
청주봉명DT,스타벅스 충북대점,1.6km
수원망포DT,스타벅스 수원트레이더스점,602m
대구평리DT,스타벅스 대구두류DT점,1.3km
울산남구청DT,스타벅스 울산번영로점,1.3km
대구상동DT,스타벅스 대구수성호수R점,1.3km
전주효자DT,스타벅스 전주홍산로점,1.9km
대전유천DT,스타벅스 대전태평점,1.2km
동대구로DT,스타벅스 대구삼성화재점,2.1km
부천중동DT,스타벅스 중동이마트점,1.3km
동부산DT,스타벅스 부산송정비치점,1.3km
춘천후평DT,스타벅스 강원대점,1.2km
광주수완DT,스타벅스 광주장덕점,3km
을숙도강변DT,스타벅스 부산동아대점,1.4km
여수둔덕DT,스타벅스 여수여서점,3.3km
인천송도DT,스타벅스 송도센트럴파크점,1.6km
대전가수원DT,스타벅스 대전건양대병원점,1.5km
의정부회룡역DT,스타벅스 의정부예술의전당DT점,1.9km
화곡DT,스타벅스 목동역점,1.1km
울산시청사거리DT,스타벅스 울산신정DT점,1.6km
대구중동네거리DT,스타벅스 대구중동DT점,839m
낙성대DT,스타벅스 낙성대역점,731m
익산영등DT,스타벅스 익산영등점,939m
인천간석DT,스타벅스 동암역점,2.1km
부산재송DT,스타벅스 센텀파크점,1.5km
안양호계DT,스타벅스 호계지식산업센터점,1.1km
대구도원DT,스타벅스 대구월곡DT점,1.4km
송파방이DT,스타벅스 방이역점,1.4km
동명대DT,스타벅스 부산대연역점,1.9km
일산덕이DT,스타벅스 일산탄현점,874m
부천심곡DT,스타벅스 부천중동점,1.8km
남양주진접DT,스타벅스 남양주연평DT점,2km
광명소하DT,스타벅스 광명소하점,1.7km
경산중방DT,스타벅스 영남대아트센터점,2.3km
동서대DT,스타벅스 부산개금역점,1.2km
대구중동DT,스타벅스 대구중동네거리DT점,830m
대전대사DT,스타벅스 대전세이점,1km
포항장성DT,스타벅스 포항양덕점,1.8km
대전도안DT,스타벅스 대전유성점,1.2km
대구수성네거리DT,스타벅스 대구수성하이츠점,711m
광주흑석DT,스타벅스 광주산정DT점,955m
방화DT,스타벅스 마곡나루역점,1.6km
서산예천DT,스타벅스 서산호수점,982m
종암DT,스타벅스 안암역점,1.1km
대구칠성DT,스타벅스 대구침산DT점,1.3km
온천장역DT,스타벅스 부산온천장역점,405m
대전한남대DT,스타벅스 대전스타일마켓점,2.6km
대전판암DT,스타벅스 대전가오점,1.6km
울산북구청DT,스타벅스 울산화봉점,1.9km
전주덕진광장DT,스타벅스 전북대점,1km
광주매곡DT,스타벅스 광주오치점,459m
창원역DT,스타벅스 창원팔용점,506m
청주용담DT,스타벅스 청주서문점,2.3km
광주화정DT,스타벅스 광주신세계DT점,961m
신정DT,스타벅스 목동역점,1.1km
신림DT,스타벅스 구로호텔점,1.4km
포항쌍용DT,스타벅스 포항애비뉴점,523m
일산풍동DT,스타벅스 일산백마점,1.6km
인천학익DT,스타벅스 인하대점,2.3km
수영강변DT,스타벅스 부산안락DT점,4.5km
동탄능동DT,스타벅스 동탄센트럴파크점,1km
안양운동장사거리DT,스타벅스 안양비산DT점,2.6km
마산해안대로DT,스타벅스 신세계마산점,2.8km
울산도산사거리DT,스타벅스 울산번영로점,1.6km
다대포DT,스타벅스 다대포비치점,2.2km
금정구청DT,스타벅스 부산대역점,3km
광주산정DT,스타벅스 광주흑석DT점,737m
전주백제대로DT,스타벅스 전북도청점,2.1km
양주광사DT,스타벅스 양주고읍점,893m
의정부용현DT,스타벅스 의정부민락점,3km
구미도량DT,스타벅스 구미점,2.2km
공릉DT,스타벅스 공릉역점,855m
대구월곡DT,스타벅스 대구상인역점,751m
충주시청DT,스타벅스 충주연수점,1.9km
오산갈곶DT,스타벅스 오산IC DT점,1.8km
광주상무DT,스타벅스 상무치평점,735m
광주신안DT,스타벅스 전남대점,2.1km
부평삼거리역DT,스타벅스 동암역점,2.2km
명지강변DT,스타벅스 명지국제신도시점,1.4km
강동암사DT,스타벅스 명일역점,1.5km
금정남산동DT,스타벅스 부산외대점,1.7km
광주연제DT,스타벅스 광주첨단신용점,1.7km
강동구청DT,스타벅스 올림픽공원북문점,1.3km
수원연무DT,스타벅스 동수원DT점,2.4km
경기광주송정DT,스타벅스 경기광주점,1.6km
의정부신곡DT,스타벅스 의정부회룡역DT점,1.8km
광주지원DT,스타벅스 광주봉선점,3.4km
평택서정DT,스타벅스 평택송탄점,253m
천안두정역DT,스타벅스 천안성정DT점,1.8km
대구앞산DT,스타벅스 대구영대병원역DT점,2km
의왕청계DT,스타벅스 의왕포일점,2.4km
수원세류DT,스타벅스 수원매산점,1.3km
풍무사거리DT,스타벅스 김포풍무DT점,859m
여수학동DT,스타벅스 여수여천점,1.1km
천안서부대로DT,스타벅스 천안이마트점,1.5km
아산방축DT,스타벅스 아산용화점,2.2km
인천동춘DT,스타벅스 인천연수점,1.9km
광주신세계DT,스타벅스 신세계광주신관B1점,1.2km
광주주월DT,스타벅스 광주진월점,1.3km
광주월산DT,스타벅스 광주월산DT점,30m
청주사직DT,스타벅스 청주서문점,601m
일산애니골DT,스타벅스 풍산이마트점,675m
용인김량장DT,스타벅스 용인처인구청점,3.1km
광주선운DT,스타벅스 광주송정역점,5.6km
마산역DT,스타벅스 마산터미널점,781m
사상주례DT,스타벅스 동서대DT점,2.9km
국립대구박물관DT,스타벅스 대구황금DT점,2km
경인교대입구역DT,스타벅스 인천작전점,1.1km
전북대병원DT,스타벅스 전북대점,1.5km
남양주연평DT,스타벅스 남양주진접DT점,2.2km
포항죽도DT,스타벅스 포항시청점,2.4km
원주반곡DT,스타벅스 원주혁신도시점,2.5km
천안불당DT,스타벅스 천안불당점,1.4km
하남미사DT,스타벅스 미사역효성점,1.4km
대구영대병원역DT,스타벅스 대구앞산DT점,4.2km
대전터미널DT,스타벅스 대전스타일마켓점,1.3km
광주운남DT,스타벅스 광주흑석DT점,1.7km
의정부예술의전당DT,스타벅스 신세계의정부2F점,1.3km
송파나루역DT,스타벅스 석촌호수점,1.5km
용인상하DT,스타벅스 용인세브란스병원점,3.8km
풍무역DT,스타벅스 풍무사거리DT점,3.3km
청주비하DT,스타벅스 청주지웰시티점,1.6km
김해구산DT,스타벅스 김해삼계점,2.7km
과천DT,스타벅스 과천점,1.7km
광주지산DT,스타벅스 광주동명점,782m
안성석정DT,스타벅스 안성중앙로점,843m
대구수성도서관DT,스타벅스 동대구터미널점,3.2km
세종다정DT,스타벅스 세종새롬점,1.3km
경기광주쌍령DT,스타벅스 경기광주점,3.1km
목포터미널DT,스타벅스 목포하당점,1.7km
마산회원DT,스타벅스 신세계마산점,1.5km
평촌역DT,스타벅스 인덕원역점,1.4km
시흥대야DT,스타벅스 시흥대야점,953m
수원경수인계DT,스타벅스 수원인계DT점,358m
충주호암DT,주변 스타벅스 없음,no
서귀포DT,주변 스타벅스 없음,no
경주보문호수DT,주변 스타벅스 없음,no
원당DT,주변 스타벅스 없음,no
역곡역DT,주변 스타벅스 없음,no
제주용담DT,주변 스타벅스 없음,no
인천서구청DT,주변 스타벅스 없음,no
목포북항DT,주변 스타벅스 없음,no
대전신탄진DT,주변 스타벅스 없음,no
김천시청DT,주변 스타벅스 없음,no
인천당하DT,스타벅스 검단사거리역점,2km
수영망미DT,스타벅스 센텀파크점,2.6km
대구칠곡대로DT,주변 스타벅스 없음,no
용인동백DT,스타벅스 용인세브란스병원점,1.5km
경주터미널DT,스타벅스 경주중앙점,1.2km
춘천석사DT,스타벅스춘천퇴계DT점(2020년10월예정),1.5km
대구황금DT,스타벅스 수성리더스점,1.1km
용인시청DT,주변 스타벅스 없음,no
동두천DT,스타벅스 지행역점,1.1km
광주방림DT,스타벅스 광주봉선중앙점,1.7km
청주율량DT,주변 스타벅스 없음,no
울산중리사거리DT,스타벅스 울산디자인거리점,535m
의정부녹양DT,주변 스타벅스 없음,no
인천용현DT,주변 스타벅스 없음,no
고양DT,주변 스타벅스 없음,no
울산정자비치DT,주변 스타벅스 없음,no
동해DT,주변 스타벅스 없음,no
전남광양DT,주변 스타벅스 없음,no
제주애월DT,주변 스타벅스 없음,no
김포감정DT,주변 스타벅스 없음,no
전북정읍DT,주변 스타벅스 없음,no
계룡대로DT,주변 스타벅스 없음,no
이천사음DT,주변 스타벅스 없음,no
제주성산DT,주변 스타벅스 없음,no
창원호계DT,주변 스타벅스 없음,no
수원권선DT,주변 스타벅스 없음,no
양산덕계DT,주변 스타벅스 없음,no
포천DT,주변 스타벅스 없음,no
진해자은DT,주변 스타벅스 없음,no
전주평화DT,주변 스타벅스 없음,no
제천DT,주변 스타벅스 없음,no
용인보라DT,주변 스타벅스 없음,no
인천강화DT,주변 스타벅스 없음,no
평택안중DT,주변 스타벅스 없음,no
제주삼화DT,주변 스타벅스 없음,no
제주외도DT,주변 스타벅스 없음,no
강릉송정DT,주변 스타벅스 없음,no
광주효천DT,주변 스타벅스 없음,no
안성공도DT,주변 스타벅스 없음,no
울산호계DT,주변 스타벅스 없음,no
김해진영DT,주변 스타벅스 없음,no
여주DT,주변 스타벅스 없음,no
이천증포DT,주변 스타벅스 없음,no
청주용암DT,주변 스타벅스 없음,no
기장역DT,주변 스타벅스 없음,no
구미상모DT,주변 스타벅스 없음,no
양주덕정역DT,주변 스타벅스 없음,no
전주송천DT,주변 스타벅스 없음,no
밀양DT,주변 스타벅스 없음,no
경기광주신현DT,주변 스타벅스 없음,no
공주동학사DT,주변 스타벅스 없음,no
당진시곡DT,주변 스타벅스 없음,no
제주도남DT,주변 스타벅스 없음,no
경남사천DT,주변 스타벅스 없음,no
군산나운DT,주변 스타벅스 없음,no
충남보령DT,주변 스타벅스 없음,no
양주송추DT,주변 스타벅스 없음,no
수원IC,주변 스타벅스 없음,no
오산IC,주변 스타벅스 없음,no
신월IC,주변 스타벅스 없음,no
대구성서IC,주변 스타벅스 없음,no
대전IC,주변 스타벅스 없음,no
천안IC,주변 스타벅스 없음,no
수원KBS,주변 스타벅스 없음,no
울산MBC,주변 스타벅스 없음,no
북수원IC,주변 스타벅스 없음,no
부산교대역DT,주변 스타벅스 없음,no
남양산IC,주변 스타벅스 없음,no
북오산IC,주변 스타벅스 없음,no
